audio_path,file_path,path,label,group_id,source_type,speaker_id
audio/real_yt_0000_p2_part_167.flac,E:\voice model\data\benchmark\audio\real_yt_0000_p2_part_167.flac,E:\voice model\data\benchmark\audio\real_yt_0000_p2_part_167.flac,bona_fide,yt_0000_p2,youtube_human,yt_0000_p2
audio/real_yt_0000_part_001.flac,E:\voice model\data\benchmark\audio\real_yt_0000_part_001.flac,E:\voice model\data\benchmark\audio\real_yt_0000_part_001.flac,bona_fide,yt_0000,youtube_human,yt_0000
audio/real_yt_0000_part_002.flac,E:\voice model\data\benchmark\audio\real_yt_0000_part_002.flac,E:\voice model\data\benchmark\audio\real_yt_0000_part_002.flac,bona_fide,yt_0000,youtube_human,yt_0000
audio/real_yt_0000_part_003.flac,E:\voice model\data\benchmark\audio\real_yt_0000_part_003.flac,E:\voice model\data\benchmark\audio\real_yt_0000_part_003.flac,bona_fide,yt_0000,youtube_human,yt_0000
audio/real_yt_0000_part_004.flac,E:\voice model\data\benchmark\audio\real_yt_0000_part_004.flac,E:\voice model\data\benchmark\audio\real_yt_0000_part_004.flac,bona_fide,yt_0000,youtube_human,yt_0000
audio/real_yt_0000_part_005.flac,E:\voice model\data\benchmark\audio\real_yt_0000_part_005.flac,E:\voice model\data\benchmark\audio\real_yt_0000_part_005.flac,bona_fide,yt_0000,youtube_human,yt_0000
audio/real_yt_0000_part_008.flac,E:\voice model\data\benchmark\audio\real_yt_0000_part_008.flac,E:\voice model\data\benchmark\audio\real_yt_0000_part_008.flac,bona_fide,yt_0000,youtube_human,yt_0000
audio/real_yt_0000_part_010.flac,E:\voice model\data\benchmark\audio\real_yt_0000_part_010.flac,E:\voice model\data\benchmark\audio\real_yt_0000_part_010.flac,bona_fide,yt_0000,youtube_human,yt_0000
audio/real_yt_0000_part_011.flac,E:\voice model\data\benchmark\audio\real_yt_0000_part_011.flac,E:\voice model\data\benchmark\audio\real_yt_0000_part_011.flac,bona_fide,yt_0000,youtube_human,yt_0000
audio/real_yt_0000_part_013.flac,E:\voice model\data\benchmark\audio\real_yt_0000_part_013.flac,E:\voice model\data\benchmark\audio\real_yt_0000_part_013.flac,bona_fide,yt_0000,youtube_human,yt_0000
audio/real_yt_0000_part_014.flac,E:\voice model\data\benchmark\audio\real_yt_0000_part_014.flac,E:\voice model\data\benchmark\audio\real_yt_0000_part_014.flac,bona_fide,yt_0000,youtube_human,yt_0000
audio/real_yt_0000_part_015.flac,E:\voice model\data\benchmark\audio\real_yt_0000_part_015.flac,E:\voice model\data\benchmark\audio\real_yt_0000_part_015.flac,bona_fide,yt_0000,youtube_human,yt_0000
audio/real_yt_0000_part_017.flac,E:\voice model\data\benchmark\audio\real_yt_0000_part_017.flac,E:\voice model\data\benchmark\audio\real_yt_0000_part_017.flac,bona_fide,yt_0000,youtube_human,yt_0000
audio/real_yt_0000_part_019.flac,E:\voice model\data\benchmark\audio\real_yt_0000_part_019.flac,E:\voice model\data\benchmark\audio\real_yt_0000_part_019.flac,bona_fide,yt_0000,youtube_human,yt_0000
audio/real_yt_0000_part_020.flac,E:\voice model\data\benchmark\audio\real_yt_0000_part_020.flac,E:\voice model\data\benchmark\audio\real_yt_0000_part_020.flac,bona_fide,yt_0000,youtube_human,yt_0000
audio/real_yt_0000_part_021.flac,E:\voice model\data\benchmark\audio\real_yt_0000_part_021.flac,E:\voice model\data\benchmark\audio\real_yt_0000_part_021.flac,bona_fide,yt_0000,youtube_human,yt_0000
audio/real_yt_0000_part_022.flac,E:\voice model\data\benchmark\audio\real_yt_0000_part_022.flac,E:\voice model\data\benchmark\audio\real_yt_0000_part_022.flac,bona_fide,yt_0000,youtube_human,yt_0000
audio/real_yt_0000_part_024.flac,E:\voice model\data\benchmark\audio\real_yt_0000_part_024.flac,E:\voice model\data\benchmark\audio\real_yt_0000_part_024.flac,bona_fide,yt_0000,youtube_human,yt_0000
audio/real_yt_0000_part_025.flac,E:\voice model\data\benchmark\audio\real_yt_0000_part_025.flac,E:\voice model\data\benchmark\audio\real_yt_0000_part_025.flac,bona_fide,yt_0000,youtube_human,yt_0000
audio/real_yt_0000_part_026.flac,E:\voice model\data\benchmark\audio\real_yt_0000_part_026.flac,E:\voice model\data\benchmark\audio\real_yt_0000_part_026.flac,bona_fide,yt_0000,youtube_human,yt_0000
audio/real_yt_0000_part_027.flac,E:\voice model\data\benchmark\audio\real_yt_0000_part_027.flac,E:\voice model\data\benchmark\audio\real_yt_0000_part_027.flac,bona_fide,yt_0000,youtube_human,yt_0000
audio/real_yt_0000_part_028.flac,E:\voice model\data\benchmark\audio\real_yt_0000_part_028.flac,E:\voice model\data\benchmark\audio\real_yt_0000_part_028.flac,bona_fide,yt_0000,youtube_human,yt_0000
audio/real_yt_0000_part_029.flac,E:\voice model\data\benchmark\audio\real_yt_0000_part_029.flac,E:\voice model\data\benchmark\audio\real_yt_0000_part_029.flac,bona_fide,yt_0000,youtube_human,yt_0000
audio/real_yt_0000_part_030.flac,E:\voice model\data\benchmark\audio\real_yt_0000_part_030.flac,E:\voice model\data\benchmark\audio\real_yt_0000_part_030.flac,bona_fide,yt_0000,youtube_human,yt_0000
audio/real_yt_0000_part_031.flac,E:\voice model\data\benchmark\audio\real_yt_0000_part_031.flac,E:\voice model\data\benchmark\audio\real_yt_0000_part_031.flac,bona_fide,yt_0000,youtube_human,yt_0000
audio/fake_el_0001_c_part_002.flac,E:\voice model\data\benchmark\audio\fake_el_0001_c_part_002.flac,E:\voice model\data\benchmark\audio\fake_el_0001_c_part_002.flac,spoof,el_0001_c,elevenlabs_clone,el_0001_c
audio/fake_el_0001_c_part_003.flac,E:\voice model\data\benchmark\audio\fake_el_0001_c_part_003.flac,E:\voice model\data\benchmark\audio\fake_el_0001_c_part_003.flac,spoof,el_0001_c,elevenlabs_clone,el_0001_c
audio/fake_el_0001_c_part_004.flac,E:\voice model\data\benchmark\audio\fake_el_0001_c_part_004.flac,E:\voice model\data\benchmark\audio\fake_el_0001_c_part_004.flac,spoof,el_0001_c,elevenlabs_clone,el_0001_c
audio/fake_el_0001_c_part_005.flac,E:\voice model\data\benchmark\audio\fake_el_0001_c_part_005.flac,E:\voice model\data\benchmark\audio\fake_el_0001_c_part_005.flac,spoof,el_0001_c,elevenlabs_clone,el_0001_c
audio/fake_el_0001_part_001.flac,E:\voice model\data\benchmark\audio\fake_el_0001_part_001.flac,E:\voice model\data\benchmark\audio\fake_el_0001_part_001.flac,spoof,el_0001,elevenlabs_clone,el_0001
audio/fake_el_0002_c_part_001.flac,E:\voice model\data\benchmark\audio\fake_el_0002_c_part_001.flac,E:\voice model\data\benchmark\audio\fake_el_0002_c_part_001.flac,spoof,el_0002_c,elevenlabs_clone,el_0002_c
audio/fake_el_0003_c_part_004.flac,E:\voice model\data\benchmark\audio\fake_el_0003_c_part_004.flac,E:\voice model\data\benchmark\audio\fake_el_0003_c_part_004.flac,spoof,el_0003_c,elevenlabs_clone,el_0003_c
audio/fake_el_0003_part_001.flac,E:\voice model\data\benchmark\audio\fake_el_0003_part_001.flac,E:\voice model\data\benchmark\audio\fake_el_0003_part_001.flac,spoof,el_0003,elevenlabs_clone,el_0003
audio/fake_el_0003_part_002.flac,E:\voice model\data\benchmark\audio\fake_el_0003_part_002.flac,E:\voice model\data\benchmark\audio\fake_el_0003_part_002.flac,spoof,el_0003,elevenlabs_clone,el_0003
audio/fake_el_0003_part_003.flac,E:\voice model\data\benchmark\audio\fake_el_0003_part_003.flac,E:\voice model\data\benchmark\audio\fake_el_0003_part_003.flac,spoof,el_0003,elevenlabs_clone,el_0003
audio/fake_el_0004_c_part_001.flac,E:\voice model\data\benchmark\audio\fake_el_0004_c_part_001.flac,E:\voice model\data\benchmark\audio\fake_el_0004_c_part_001.flac,spoof,el_0004_c,elevenlabs_clone,el_0004_c
audio/fake_el_0004_c_part_002.flac,E:\voice model\data\benchmark\audio\fake_el_0004_c_part_002.flac,E:\voice model\data\benchmark\audio\fake_el_0004_c_part_002.flac,spoof,el_0004_c,elevenlabs_clone,el_0004_c
audio/fake_el_0004_c_part_003.flac,E:\voice model\data\benchmark\audio\fake_el_0004_c_part_003.flac,E:\voice model\data\benchmark\audio\fake_el_0004_c_part_003.flac,spoof,el_0004_c,elevenlabs_clone,el_0004_c
audio/fake_el_0005_part_001.flac,E:\voice model\data\benchmark\audio\fake_el_0005_part_001.flac,E:\voice model\data\benchmark\audio\fake_el_0005_part_001.flac,spoof,el_0005,elevenlabs_clone,el_0005
audio/fake_el_0005_part_002.flac,E:\voice model\data\benchmark\audio\fake_el_0005_part_002.flac,E:\voice model\data\benchmark\audio\fake_el_0005_part_002.flac,spoof,el_0005,elevenlabs_clone,el_0005
audio/fake_el_0006_c_part_002.flac,E:\voice model\data\benchmark\audio\fake_el_0006_c_part_002.flac,E:\voice model\data\benchmark\audio\fake_el_0006_c_part_002.flac,spoof,el_0006_c,elevenlabs_clone,el_0006_c
audio/fake_el_0006_c_part_003.flac,E:\voice model\data\benchmark\audio\fake_el_0006_c_part_003.flac,E:\voice model\data\benchmark\audio\fake_el_0006_c_part_003.flac,spoof,el_0006_c,elevenlabs_clone,el_0006_c
audio/fake_el_0006_part_001.flac,E:\voice model\data\benchmark\audio\fake_el_0006_part_001.flac,E:\voice model\data\benchmark\audio\fake_el_0006_part_001.flac,spoof,el_0006,elevenlabs_clone,el_0006
audio/fake_el_0007_c_part_001.flac,E:\voice model\data\benchmark\audio\fake_el_0007_c_part_001.flac,E:\voice model\data\benchmark\audio\fake_el_0007_c_part_001.flac,spoof,el_0007_c,elevenlabs_clone,el_0007_c
audio/fake_el_0007_c_part_002.flac,E:\voice model\data\benchmark\audio\fake_el_0007_c_part_002.flac,E:\voice model\data\benchmark\audio\fake_el_0007_c_part_002.flac,spoof,el_0007_c,elevenlabs_clone,el_0007_c
audio/fake_el_0008_c_part_003.flac,E:\voice model\data\benchmark\audio\fake_el_0008_c_part_003.flac,E:\voice model\data\benchmark\audio\fake_el_0008_c_part_003.flac,spoof,el_0008_c,elevenlabs_clone,el_0008_c
audio/fake_el_0008_c_part_004.flac,E:\voice model\data\benchmark\audio\fake_el_0008_c_part_004.flac,E:\voice model\data\benchmark\audio\fake_el_0008_c_part_004.flac,spoof,el_0008_c,elevenlabs_clone,el_0008_c
audio/fake_el_0008_c_part_005.flac,E:\voice model\data\benchmark\audio\fake_el_0008_c_part_005.flac,E:\voice model\data\benchmark\audio\fake_el_0008_c_part_005.flac,spoof,el_0008_c,elevenlabs_clone,el_0008_c
audio/fake_el_0008_c_part_006.flac,E:\voice model\data\benchmark\audio\fake_el_0008_c_part_006.flac,E:\voice model\data\benchmark\audio\fake_el_0008_c_part_006.flac,spoof,el_0008_c,elevenlabs_clone,el_0008_c
audio/fake_el_0008_part_001.flac,E:\voice model\data\benchmark\audio\fake_el_0008_part_001.flac,E:\voice model\data\benchmark\audio\fake_el_0008_part_001.flac,spoof,el_0008,elevenlabs_clone,el_0008
